12.5384        33.6247	                    99.4222
12.5384        33.6247	                    99.4222
12.5384        33.6247	                    99.4222
12.5384        33.6247	                    99.4222
12.5384        33.6247	                    99.4222
12.5384        33.6247	                    99.4222
12.5384        33.6247	                    99.4222
12.5384        33.6247	                    99.4222
12.5384        33.6247	                    99.4222
12.5384        33.6247	                    99.4222
12.5384        33.6247	                    99.4222
12.5384        33.6247	                    99.4222
12.5538        33.5873	                    99.4338
12.3989        33.6122	                    93.2526
11.5435        33.2601	                    86.5274
11.077        33.1503	                    86.1135
9.16102        32.4694	                    78.5005
8.44651        32.1554	                    77.7581
5.58408        31.0673	                    69.2315
4.44744        30.6971	                    68.0563
0.661957        29.3733	                    58.7266
-0.769508        28.7317	                    57.012
-3.79262        27.7694	                    48.8509
-6.85248        26.6881	                    45.293
-10.0202        25.6255	                    37.2854
-13.1682        24.4762	                    33.4527
-1.8        19.0181	                    31.8816
-4.95714        17.9114	                    27.7984
-7.85238        16.9813	                    21.3053
-10.4571        16.1176	                    18.0122
-12.7381        15.4298	                    15.2062
-13.7905        15.0943	                    11.6748
-16.2381        14.1314	                    8.40287
-16.9048        14.0245	                    5.95845
-14.2619        5.40541	                    -3.64497
-14.9476        5.20086	                    -5.09553
-15.5        5.13719	                    -5.62066
-15.5714        5.00043	                    -6.35656
-15.3714        5.77364	                    -5.26206
-14.719        5.78803	                    -4.7228
-13.481        7.11455	                    -2.74313
-12.6714        7.29581	                    -1.89342
-11.6        8.33811	                    0.121702
-9.9381        9.12205	                    1.65027
-8.58095        10.1381	                    3.78211
-7.2        11.1452	                    5.20955
-9.79048        20.3518	                    11.6588
-8.3        20.8466	                    13.2881
-6.70952        21.053	                    13.6529
-5.21429        21.0155	                    14.8176
-4.46667        20.9414	                    15.3535
11.2735        23.139	                    28.7137
11.6079        23.0554	                    28.9155
12.2039        22.4925	                    28.9485
-2.55714        19.9883	                    14.286
-3.62381        19.5564	                    13.0981
-5.43333        19.0171	                    11.231
-8.1        18.4771	                    7.95415
-10.3762        18.1944	                    5.92143
-12.0571        18.4011	                    4.73154
-12.4286        18.4298	                    3.79999
-13.6238        19.399	                    3.53699
-7.8619        7.7777	                    -0.396821
-7.91429        8.8131	                    0.339071
-7.38095        10.761	                    1.85901
-6.90476        11.4154	                    2.70579
-10.6429        24.6921	                    8.85755
-9.56667        25.2006	                    9.33258
-7.1        25.8652	                    11.7271
13.0377        24.6214	                    27.0474
15.7263        24.4949	                    29.1176
18.0672        24.1815	                    30.7901
20.1293        24.0988	                    32.3869
20.9387        23.8102	                    32.2141
20.9776        23.1569	                    31.8405
19.6202        22.5874	                    30.4005
18.592        22.3067	                    29.403
-3.67143        27.915	                    14.3595
-7        27.8596	                    12.3357
-10.3143        27.5801	                    8.84992
-11.9286        27.8311	                    7.70495
-8.69048        15.4388	                    2.81954
-9.27143        15.9543	                    2.67449
-15.4571        29.1425	                    4.99564
-14.6905        29.1599	                    5.61868
6.26478        26.2228	                    20.724
9.53681        25.8686	                    23.1397
12.9027        25.6343	                    25.6986
15.7396        25.5112	                    27.3581
17.4681        25.5089	                    29.2793
18.0259        25.3536	                    29.0999
17.9379        25.7187	                    29.2315
17.5812        26.0626	                    29.1362
15.1852        27.3107	                    27.906
-6.31905        34.7208	                    14.6796
-8.22857        35.224	                    13.4155
-10.0048        35.2765	                    11.3632
-11.481        35.0915	                    10.0883
-12.0048        34.5454	                    9.3909
3.49618        33.0116	                    21.0051
4.3022        32.8534	                    21.5684
8.43106        31.3256	                    24.0801
9.87599        31.0901	                    24.5553
11.8101        30.6751	                    25.8923
12.9978        30.5683	                    26.7883
13.3142        30.8374	                    27.1779
12.8319        31.3524	                    27.0526
11.6395        32.1167	                    26.4842
10.1869        33.0641	                    25.7976
-5.9        33.598	                    13.195
-6.39048        33.2421	                    12.6248
-7.18095        31.1916	                    10.9611
-7.33333        30.2531	                    10.3634
-0.0428719        35.4976	                    18.8237
1.91424        33.8053	                    19.5498
4.09612        32.0714	                    20.4266
6.39363        30.2605	                    20.8364
7.89898        28.4493	                    21.1424
8.57747        27.5655	                    21.2441
9.11226        24.8026	                    20.2819
-0.790476        20.2416	                    10.0312
-1.8        19.2246	                    8.6992
-3.40952        18.2563	                    6.91073
-4.94762        17.0419	                    5.05
-6.21429        15.8773	                    3.43018
-6.69048        14.827	                    2.50061
-6.84762        14.405	                    2.15405
-6.68095        13.6583	                    1.89611
-6.68095        13.7054	                    1.68957
-6.21905        14.009	                    2.21331
-5.45238        14.9012	                    3.2792
-4.55238        16.3377	                    4.9997
1.32381        5.55111	                    3.92019
3.36667        8.2241	                    6.92798
4.07619        9.36958	                    8.0828
1.42381        23.3802	                    13.0261
2.72381        24.0209	                    14.3822
22.8541        22.7822	                    29.8746
26.539        22.3056	                    32.5864
29.3998        21.9476	                    34.6974
30.419        21.7764	                    35.4278
31.7797        21.1744	                    36.217
31.2647        21.077	                    35.7565
9.68571        27.5348	                    21.6716
6.07143        27.7431	                    18.461
1.76667        27.7635	                    15.4474
3.63333        15.3588	                    10.5372
-0.27619        16.2199	                    7.83191
-7.67143        27.569	                    7.80251
7.99321        25.0284	                    18.71
8.57834        24.5024	                    18.9269
10.2941        23.4348	                    19.7882
12.0422        22.6566	                    20.813
12.9649        21.8473	                    21.1613
13.0762        21.7486	                    21.2027
-6.40476        27.1241	                    8.18739
-6.92857        27.6554	                    8.01954
-9.17143        29.071	                    6.89194
-9.62381        29.4181	                    6.69291
-9.87619        30.4607	                    6.54836
-8.6        31.1486	                    8.32037
-5.70952        31.1998	                    10.6566
13.4016        28.8651	                    24.8536
19.7761        28.1995	                    29.6399
22.0821        27.8016	                    30.9
26.8045        27.0961	                    34.3535
29.8576        26.6802	                    36.6043
31.2317        26.3595	                    37.5555
31.2097        26.1101	                    37.7981
30.5999        26.1013	                    36.9308
6.6381        36.253	                    22.8588
5.21905        35.8218	                    21.0333
2.46667        34.451	                    18.6992
-0.0333333        32.0587	                    15.1465
18.1982        26.8161	                    27.3394
18.2326        25.0724	                    26.5607
18.3143        23.563	                    25.9241
18.1786        22.9512	                    25.5301
16.2957        21.969	                    23.5643
15.3466        21.8632	                    22.7554
-9.82381        29.3191	                    6.07018
-12.7476        30.0744	                    4.0755
-15.2381        30.7863	                    2.40671
-10.5905        19.5529	                    0.919421
-16.981        31.7033	                    1.42785
-15.9        31.578	                    2.23592
7.82501        28.3175	                    19.731
10.3735        27.9515	                    21.6019
15.5845        27.5814	                    25.6007
20.4214        27.6238	                    29.4897
23.9016        28.1577	                    32.1397
25.2811        28.3678	                    33.719
26.8795        30.0617	                    35.7714
26.7682        30.6088	                    35.9312
25.7318        32.1883	                    35.3903
6.48095        39.6924	                    23.2366
6.04762        37.9665	                    22.1529
20.3717        35.0821	                    32.3672
19.5279        32.6104	                    30.6126
19.9207        31.2541	                    30.3299
20.0526        29.1834	                    29.5177
19.2435        27.4567	                    28.0998
17.2955        26.2154	                    25.9845
16.1594        25.7477	                    24.8651
-7.1        27.7951	                    7.17639
-8.60476        27.4558	                    5.82077
-11.9286        26.6878	                    2.81742
-13.4048        26.2502	                    1.43987
-1.82123        27.0978	                    11.0872
-1.3049        26.6453	                    11.2973
1.24219        25.2173	                    12.6923
2.32821        25.0847	                    13.5012
6.00499        24.0664	                    15.9823
-7.5        23.7866	                    5.0516
-6.32857        24.5321	                    6.32619
-5.83333        24.8953	                    6.88648
-4.92857        26.1829	                    8.19055
-4.3619        26.4213	                    8.75104
-2.31429        27.0998	                    10.6937
-0.928571        27.1944	                    11.8446
17.4029        28.6541	                    26.7978
19.6196        28.0945	                    28.6859
23.6116        27.2149	                    31.1381
26.8644        26.4923	                    33.4246
28.1498        25.8537	                    34.5051
28.1065        25.6215	                    34.0367
12.0714        26.7678	                    21.7106
9.21429        26.1814	                    19.1684
5.8381        24.9884	                    15.9439
4.17143        24.1273	                    14.2315
1.5619        22.5204	                    11.4341
13.8753        23.1323	                    21.5555
-1.1        19.0376	                    7.75535
-1.79048        18.5793	                    6.9981
-2.79048        18.1362	                    5.99985
-4.17619        18.141	                    4.89344
-5.8        18.872	                    3.92137
-6.01429        19.1727	                    3.64693
-1.2        10.8099	                    3.83269
-0.957143        11.7487	                    4.44103
-4.26667        22.7836	                    6.60822
13.1399        24.1422	                    21.1179
17.4028        23.7737	                    24.3699
19.3727        23.6504	                    25.8928
23.0779        23.6341	                    28.85
25.4306        23.841	                    30.8211
26.0199        24.3262	                    31.5009
9.9        27.4067	                    19.9209
8.5        27.7296	                    18.9381
5.9        27.9393	                    16.9472
3.07143        27.0683	                    14.3141
2.07143        26.4454	                    13.2487
12.6903        27.7448	                    22.2969
13.0513        25.8466	                    21.7769
13.4076        24.2369	                    21.3727
13.3044        23.755	                    20.8077
-1.12857        21.2493	                    8.20822
-2.87143        20.869	                    6.65351
-5.3        20.6772	                    4.62971
-3.44762        13.7905	                    3.18382
-6.14286        14.8924	                    1.4986
-9.07143        20.3933	                    1.49269
-8.62381        20.1378	                    1.74285
2.42653        24.6536	                    12.4814
-4.1        18.8492	                    4.81646
-1.43333        18.8463	                    6.94858
-0.1        18.9468	                    8.05783
3.44286        19.5554	                    11.1498
4.37619        19.7865	                    11.9943
6.25238        20.3531	                    13.7348
7.33333        20.4112	                    14.624
10.5857        20.5065	                    17.2662
11.4429        20.1961	                    17.8208
21.0962        26.1043	                    27.7368
14.9        18.3266	                    19.5907
15.5905        17.3968	                    19.9523
15.3286        16.8569	                    19.5132
13.8286        15.7188	                    17.8284
13.119        10.2529	                    14.92
10.0429        9.56637	                    12.1638
8.5619        9.0604	                    10.7613
5.25714        8.27686	                    7.68657
2.49524        6.98877	                    4.93638
0.414286        5.07195	                    2.52358
-0.571429        4.11676	                    1.27578
-3.90476        2.26564	                    -2.14419
-4.43333        1.87114	                    -2.75883
-6        1.91386	                    -3.99418
-6.43333        2.01181	                    -4.29961
-7.1        3.10962	                    -4.37086
-7.17143        3.6469	                    -4.2019
-6.2619        4.30288	                    -3.19831
-5.31429        4.40042	                    -2.39918
-1.43333        3.85044	                    0.474211
-0.1        3.67803	                    1.46833
2.78571        3.57682	                    3.73432
4.27143        3.7341	                    4.98907
8.35238        4.18138	                    8.44201
9.56667        4.49144	                    9.54386
11.6286        5.39766	                    11.5745
13.5524        6.09527	                    13.4067
12.5524        11.962	                    15.0659
13.3333        11.6719	                    15.5694
14.5667        11.0057	                    16.1597
18.2714        2.98811	                    15.8752
18        1.3848	                    14.9682
18        0.857324	                    14.761
16        0.0804226	                    12.8339
14.0048        -0.204954	                    11.1175
12        -0.167006	                    9.52968
11        -0.110867	                    8.75332
2.9381        11.3519	                    7.11937
2.56667        11.1486	                    6.61795
1.21429        11.5761	                    5.83408
7        -1.28015	                    5.07477
4.18571        1.73476	                    4.07899
3.68571        3.24986	                    4.28175
2.42857        7.16923	                    4.88183
1.44286        11.6444	                    5.92098
1.38095        16.3346	                    7.77656
1.91429        18.1306	                    8.92905
1.59524        26.5348	                    12.0352
17.0697        29.5506	                    25.6042
22.1723        29.1523	                    29.5297
24.2702        29.1911	                    31.2233
29.9964        29.8714	                    36.0714
30.9633        30.1703	                    36.9622
31.6507        30.8052	                    37.7608
20.5952        27.4572	                    27.6001
18.5952        26.2259	                    25.5128
17.2143        25.3217	                    24.0493
11.7619        21.1828	                    18.258
9.87619        19.6663	                    15.9174
6.32381        16.5038	                    11.7993
4.29524        14.7334	                    9.61592
-3.55238        15.1381	                    3.5062
-5.79048        14.2574	                    1.19726
-11.5381        12.6307	                    -4.06215
-13.1238        12.3359	                    -5.31893
-16.1238        12.1803	                    -7.91407
-18.5381        12.9824	                    -9.51905
-20.4619        13.9549	                    -10.6627
-20.9762        14.4115	                    -10.8888
-21.7714        15.8053	                    -10.9597
-21.7095        16.3509	                    -10.6892
-20.0476        15.5786	                    -9.6725
-19.3619        14.9916	                    -9.36189
-17.2429        12.7583	                    -8.57403
-15.281        10.6747	                    -7.85339
-13.9952        8.97454	                    -7.51898
-14.0667        8.13188	                    -7.92057
-14.5952        7.27586	                    -8.69359
-14.581        6.09233	                    -9.16665
-15.0048        0.0737851	                    -11.9735
-14.4429        -2.97532	                    -12.7749
-14.4667        -12.1304	                    -16.538
-14.7286        -16.657	                    -18.5851
-15.5524        -34.8477	                    -26.4538
-25.4642        -22.2271	                    -29.4153
-28.4762        -36.4855	                    -37.4237
-32.9333        -35.305	                    -40.5351
-40.1714        -32.6326	                    -45.2903
-50.0571        -19.8977	                    -48.1552
-23.6423        -52.9835	                    -39.6917
-25.3327        -52.6416	                    -40.9212
-28.7203        -49.805	                    -42.6056
-32.438        -35.1597	                    -40.0827
-32.5124        -28.8339	                    -37.6766
-43.3429        -35.013	                    -48.75
-41.5571        -32.7841	                    -46.4578
-41.1667        -27.9188	                    -44.2394
-38.1        -25.4227	                    -40.798
-33.8476        -22.5357	                    -36.2455
-27.7333        -19.7456	                    -30.4433
-24.5905        -18.0714	                    -27.0461
-14.9667        -11.0816	                    -16.6292
-11.7429        -8.79884	                    -13.0941
-5.25714        -4.81975	                    -6.23432
2        -2.00769	                    0.754682
8        -0.393051	                    6.2345
11        0.0773286	                    8.83256
17.9952        0.0562632	                    14.4199
19        -0.0405575	                    15.1834
20        -0.747477	                    15.6933
20        -0.722875	                    15.6956
15.6571        -0.633848	                    12.2656
13        -0.882682	                    10.0378
8.11905        -2.63558	                    5.41398
5.57143        -3.66473	                    2.95384
-4.18095        -8.15242	                    -6.68592
-7.1381        -10.4317	                    -10.0944
-13.6333        -15.1476	                    -17.0976
-17.081        -16.9503	                    -20.7655
-29.5905        -18.5851	                    -31.2533
-33.3333        -18.5164	                    -34.2199
-39.9143        -18.2957	                    -39.3957
-44.5905        -18.8411	                    -43.3565
-46.7381        -20.1815	                    -45.614
-47.1524        -21.1588	                    -46.3379
-45.3762        -22.7698	                    -45.562
-44.4905        -22.0521	                    -44.5663
-40.1        -25.2577	                    -42.5956
-38.6095        -12.8205	                    -36.2701
-33.8        -9.02041	                    -30.8327
-30.7238        -7.24874	                    -27.6284
-20.0952        -2.34276	                    -17.0626
-16.0048        -1.48024	                    -13.4271
-8.6        -1.86645	                    -7.66586
-4.51429        -2.96898	                    -4.86138
1.72857        -5.37303	                    -0.878396
5.27619        -6.87594	                    1.32815
4.94286        -6.86982	                    1.13785
4.3381        -7.24575	                    0.422375
2.64762        -9.85259	                    -2.02332
0.247619        -15.1424	                    -6.15182
-3.1        -22.1847	                    -11.7399
-5.1        -25.7762	                    -14.8065
-15.9791        -34.0465	                    -26.4853
-18.9838        -45.4986	                    -33.6756
-29.55        -52.1932	                    -44.6255
-41.2904        -50.4678	                    -53.3818
-51.4164        -48.2611	                    -60.1985
-54.7238        -47.6664	                    -63.0846
-64.7762        -16.8172	                    -58.688
-36.7525        -48.5573	                    -49.041
-35.4294        -48.4105	                    -47.9277
-35.9298        -38.9231	                    -44.707
-30.4061        -29.1005	                    -36.3964
-45.4333        -34.9484	                    -50.7511
-40.3381        -32.0298	                    -45.5162
-36.4905        -24.423	                    -39.3679
-31.2905        -20.9482	                    -33.7844
-28.3762        -19.7842	                    -30.9735
-18.081        -15.8282	                    -21.0997
-14.3095        -14.4487	                    -17.5088
-6.55238        -11.9238	                    -10.2499
0.471429        -9.0004	                    -3.40716
6.2619        -5.71659	                    2.60385
8.72857        -4.17393	                    5.22589
16        -1.14913	                    12.3161
17.8143        -0.766426	                    13.9287
21        -0.71352	                    16.4996
21.9048        -1.14401	                    17.0421
21.8143        -3.31361	                    16.0564
21.1333        -4.22702	                    15.1274
17.9857        -5.6823	                    11.9973
12.9        -6.50261	                    7.58402
7.08095        -7.42003	                    2.54349
0.790476        -8.89709	                    -3.1086
-5.56667        -10.9429	                    -9.05118
-8.84286        -11.9941	                    -12.1116
-18.5476        -15.4201	                    -21.3035
-21.3476        -16.3338	                    -23.923
-26.2714        -17.9026	                    -28.5124
-30.9        -18.6955	                    -32.5431
-34.5714        -18.0389	                    -35.2088
-35.9429        -17.4827	                    -36.0757
-37.4048        -14.6537	                    -36.0704
-36.9714        -13.798	                    -35.3673
-34.5524        -11.7189	                    -32.5643
-30.2524        -9.54353	                    -28.2138
-25.4        -7.3395	                    -23.4075
-22.381        -6.24756	                    -20.5336
-13        -2.21026	                    -11.3306
-10.0143        -0.331559	                    -8.15104
-2.48095        4.91147	                    0.082419
-0.0428571        6.29436	                    2.6142
4.3        9.05381	                    7.24669
7.87619        11.5371	                    11.1473
10.4238        13.4951	                    14.0029
11.9524        14.703	                    15.729
12.4952        14.1859	                    15.948
12.4095        13.874	                    15.7494
8.14762        14.0181	                    12.2505
5.6381        14.7866	                    10.7123
-2.29048        13.6625	                    3.90128
-5.35714        12.3659	                    0.906953
-14.5333        7.4493	                    -8.49311
-11.0857        -22.6276	                    -18.0727
-18.7667        -25.9778	                    -25.5516
-38.0952        -2.86592	                    -31.6519
-30.0022        -42.3727	                    -40.8815
-42.3382        -38.8647	                    -49.4233
-59.2714        -4.15275	                    -49.1652
-63.4286        -4.52466	                    -52.5987
-65.5667        -6.05601	                    -54.9366
-66.5        -6.20404	                    -55.8105
-68.6604        24.1399	                    -44.8684
238.093        -19.1734	                    100
235.28        -21.6192	                    100
-79.6733        51.2154	                    -43.113
221.294        -4.77758	                    100
215.571        -5.03466	                    100
217.894        -24.77	                    100
228.754        -64.979	                    100
218.102        -70.942	                    100
208.475        -72.7252	                    100
208.475        -72.7252	                    100
208.475        -72.7252	                    100
208.475        -72.7252	                    100
208.475        -72.7252	                    100
208.475        -72.7252	                    100
208.475        -72.7252	                    100
208.475        -72.7252	                    100
208.475        -72.7252	                    100
208.475        -72.7252	                    100
208.475        -72.7252	                    100
208.475        -72.7252	                    100
208.475        -72.7252	                    100
208.475        -72.7252	                    100
208.475        -72.7252	                    100
208.475        -72.7252	                    100
208.475        -72.7252	                    100
208.475        -72.7252	                    100
208.475        -72.7252	                    100
208.475        -72.7252	                    100
208.475        -72.7252	                    100
208.475        -72.7252	                    100
208.475        -72.7252	                    100
208.475        -72.7252	                    100
208.475        -72.7252	                    100
208.475        -72.7252	                    100
208.475        -72.7252	                    100
208.475        -72.7252	                    100
208.475        -72.7252	                    100
208.475        -72.7252	                    100
208.475        -72.7252	                    100
208.475        -72.7252	                    100
208.475        -72.7252	                    100
208.475        -72.7252	                    100
208.475        -72.7252	                    100
208.475        -72.7252	                    100
208.475        -72.7252	                    100
208.475        -72.7252	                    100
208.475        -72.7252	                    100
208.475        -72.7252	                    100
208.475        -72.7252	                    100
208.475        -72.7252	                    100
208.475        -72.7252	                    100
208.475        -72.7252	                    100
208.475        -72.7252	                    100
208.475        -72.7252	                    100
208.475        -72.7252	                    100
208.475        -72.7252	                    100
208.475        -72.7252	                    100
208.475        -72.7252	                    100
208.475        -72.7252	                    100
208.475        -72.7252	                    100
208.475        -72.7252	                    100
208.475        -72.7252	                    100
208.475        -72.7252	                    100
208.475        -72.7252	                    100
208.475        -72.7252	                    100
208.475        -72.7252	                    100
208.475        -72.7252	                    100
208.475        -72.7252	                    100
208.475        -72.7252	                    100
208.475        -72.7252	                    100
208.475        -72.7252	                    100
208.475        -72.7252	                    100
208.475        -72.7252	                    100
208.475        -72.7252	                    100
208.475        -72.7252	                    100
208.475        -72.7252	                    100
208.475        -72.7252	                    100
208.475        -72.7252	                    100
208.475        -72.7252	                    100
208.475        -72.7252	                    100
208.475        -72.7252	                    100
208.475        -72.7252	                    100
208.475        -72.7252	                    100
208.475        -72.7252	                    100
208.475        -72.7252	                    100
208.475        -72.7252	                    100
208.475        -72.7252	                    100
208.475        -72.7252	                    100
208.475        -72.7252	                    100
208.475        -72.7252	                    100
208.475        -72.7252	                    100
208.475        -72.7252	                    100
-148.116        82.4916	                    -79.0734
-55.6809        76.9168	                    -7.07701
5.46465        71.656	                    39.8989
25.1907        67.3162	                    54.0049
39.1747        62.471	                    63.2415
72.0714        25.5032	                    71.9156
48.4381        46.449	                    63.5869
49.8143        39.2431	                    61.2086
47.6857        30.2796	                    54.9381
45.0524        26.028	                    50.5814
34.8952        8.89055	                    32.8056
30.781        2.83583	                    26.2434
14.0476        -15.488	                    2.76192
8.01429        -20.6536	                    -4.82846
-7.08488        -26.3247	                    -19.8818
-21.41        -54.335	                    -44.729
-43.3244        -48.7299	                    -59.0444
-68.5822        -16.7929	                    -63.7444
-86.2652        29.9491	                    -53.4445
-95.347        54.8988	                    -49.2248
-96.7612        61.3433	                    -47.6984
-96.578        62.3384	                    -47.1533
225.131        -45.9699	                    100
226.359        -46.7973	                    100
-95.2441        43.7281	                    -54.0601
-94.0564        32.5512	                    -58.3987
-95.4127        28.1721	                    -61.6451
-98.5243        47.827	                    -54.8351
-98.6214        58.7543	                    -50.2382
-99.3111        48.2953	                    -54.5247
-98.3643        -10.9455	                    -84.7035
-89.1905        -16.0219	                    -79.8294
-83.3429        -34.7712	                    -84.5982
-78.7667        -34.2854	                    -80.7026
-73.1333        -32.7809	                    -75.4651
-65.0238        -30.7132	                    -67.9639
-60.3952        -28.3672	                    -63.0985
-44.1286        -21.5221	                    -47.0026
-38.5667        -19.2561	                    -41.0088
-20.7524        -11.5118	                    -22.7142
-14.7143        -9.03432	                    -16.5753
2.21429        -2.80288	                    0.277875
7.5        -0.959641	                    5.48854
21.4286        2.7948	                    18.6321
28.6286        4.16751	                    25.123
31.4857        4.6556	                    27.6684
35.8286        5.04507	                    31.2635
38.6286        4.70933	                    33.3307
38.7381        3.46957	                    32.7797
36.9857        2.29327	                    30.7714
33        0.559475	                    26.6886
28.2619        -1.42956	                    21.8951
22.5714        -3.56104	                    16.278
16.119        -5.7766	                    10.0107
7.67619        -8.44099	                    1.92994
4.11429        -9.48931	                    -1.44032
-6.25714        -12.0849	                    -11.0232
-9.46667        -12.603	                    -13.8468
-14.9524        -13.3436	                    -18.6009
-19.0476        -13.9119	                    -22.1571
-21.9524        -13.5183	                    -24.287
-23.4619        -13.0245	                    -25.2511
-23.8905        -11.8734	                    -25.0253
-23.019        -10.1415	                    -23.4706
-20.8952        -7.84671	                    -20.5137
-19.6571        -6.57458	                    -19.0079
-14.2714        -2.06841	                    -12.4196
-10        1.14166	                    -7.44668
-7.90476        2.72535	                    -5.00313
-0.233333        7.03825	                    3.22059
2.12381        8.17644	                    5.65568
6.88571        10.0753	                    10.3801
11.7952        11.2633	                    14.8788
16.0095        12.04	                    18.6231
19.5333        12.2174	                    21.5272
21.8333        12.3364	                    23.4243
23        12.4138	                    24.3947
23.1905        11.6902	                    24.0354
22.119        10.7252	                    22.7281
21.6762        9.91502	                    21.9953
17.6762        7.59616	                    17.71
15.919        6.69555	                    15.8821
9.9        4.13847	                    9.86625
7.7381        3.06743	                    7.63329
1        0.317673	                    0.949454
-1        -0.42573	                    -1.00029
-5.78571        -2.00381	                    -5.57121
-9.68571        -3.36746	                    -9.33244
-12.8286        -4.49198	                    -12.3752
-15.6857        -5.29669	                    -15.0389
-17.6238        -5.8512	                    -16.8497
-18.8333        -6.09524	                    -17.9319
-19.3571        -6.10003	                    -18.3532
-19.281        -5.39833	                    -17.8906
-18.5        -4.26366	                    -16.748
-17.8286        -3.67022	                    -15.9399
-15        -1.75865	                    -12.8038
-13.2714        -1.10157	                    -11.1206
-8.37143        0.362241	                    -6.53158
-5.01429        1.24821	                    -3.44094
-3.37143        1.58202	                    -1.9741
1.82857        2.33761	                    2.53116
2.99524        2.59711	                    3.58306
6.56667        3.60155	                    6.89901
7.22381        4.08795	                    7.64683
8.30476        4.61979	                    8.75438
8.78571        4.70204	                    9.11723
8.78571        4.25707	                    8.97356
8.3381        3.40843	                    8.18483
7.35238        2.07472	                    6.80383
5.99524        0.487331	                    5.01276
4        -1.08333	                    2.71858
1        -2.38072	                    -0.257869
-0.566667        -3.03165	                    -1.80035
-6.42857        -3.60799	                    -6.74583
-8.42857        -3.63238	                    -8.35666
-13.7381        -4.77033	                    -13.1094
-15.0143        -5.327	                    -14.3774
-17.6286        -6.19832	                    -16.8553
-19.6238        -6.77842	                    -18.6276
-20.9238        -7.27599	                    -19.8822
-21.519        -7.78843	                    -20.5792
-22.0571        -7.66814	                    -21.0494
-22.4857        -6.50578	                    -20.8773
-22.6857        -4.71969	                    -20.2451
-22.0952        -3.06944	                    -19.0032
-21        -1.7949	                    -17.5976
-20        -1.39909	                    -16.605
-16.0476        -0.354674	                    -12.9915
-15        -0.371056	                    -12.1605
-11        -0.705491	                    -9.10507
-10        -0.723766	                    -8.31297
-9        -0.0530473	                    -7.22294
-8.69048        1.50739	                    -6.30058
-9.07143        2.56305	                    -6.14896
-9.17619        2.648	                    -6.19605
-9.21429        1.48769	                    -6.72815
-10        -1.3007	                    -8.56243
-10.2714        -5.21367	                    -10.4705
-10.3571        -7.34489	                    -11.4586
-13.3524        -13.8133	                    -16.4784
-10.6286        -28.8021	                    -20.7667
-19.7524        -15.4471	                    -22.4515
-24.2333        -16.0204	                    -26.1015
-28.0238        -18.0452	                    -29.9733
-30.9143        -22.3009	                    -34.0389
-30.6381        -36.6113	                    -39.9566
-34.5524        -34.9768	                    -42.4293
-32.3393        -52.5856	                    -47.0007
-37.9279        -48.7161	                    -50.5292
-42.564        -34.4728	                    -48.6347
-44.9333        -25.5677	                    -46.5884
-39.119        -37.1798	                    -46.9695
-37.5524        -36.0861	                    -45.2768
-35.6714        -29.9314	                    -41.2665
-30.8381        -30.4855	                    -37.6275
-28.0714        -30.2698	                    -35.3256
-18.6571        -28.6956	                    -27.1456
-15.9        -28.1438	                    -24.7118
-8.45714        -24.8288	                    -17.3791
-6.42381        -23.1908	                    -15.0667
-2.44286        -20.1053	                    -10.5824
1.60952        -17.814	                    -6.36963
5.47143        -16.2581	                    -2.61822
6.91905        -15.6739	                    -1.21114
9.79048        -15.2734	                    1.25687
12.1476        -14.8108	                    3.34009
12.2667        -14.8684	                    3.41073
11.5381        -14.4504	                    3.00641
11.2429        -14.3716	                    2.96519
9.45238        -13.9374	                    1.55716
7.26667        -14.0414	                    -0.235906
4.70476        -14.0632	                    -2.13684
3.4619        -14.153	                    -3.16854
-0.733333        -14.3173	                    -6.59318
-1.89524        -14.2207	                    -7.48246
-4.30952        -13.7438	                    -9.21518
-6.39524        -13.1783	                    -10.6479
-7.68095        -12.8059	                    -11.5211
-8.30476        -12.5164	                    -11.8993
-8.53333        -11.7288	                    -11.7532
-8.33333        -11.1921	                    -11.3688
-7.04286        -9.08477	                    -9.45395
-6.35238        -8.06008	                    -8.47181
-4.32857        -5.68871	                    -5.85682
-1.9        -3.19504	                    -2.86509
1.02857        -0.560123	                    0.587007
3        0.719518	                    2.70297
5.83333        12.3767	                    9.86383
8.10476        13.126	                    11.9938
12.2238        14.7696	                    15.9738
15.6238        17.2535	                    19.7254
17.981        20.2841	                    22.8634
19.0952        21.7115	                    24.3419
21.1286        25.1298	                    27.1045
27.3095        14.9142	                    28.1026
22.081        26.7789	                    28.7983
23.0714        26.398	                    29.4362
39.8179        23.2296	                    41.299
40.1095        22.2215	                    41.1293
20.3143        23.6923	                    25.8807
18.8238        23.4937	                    24.855
14.0619        23.04	                    20.8599
13.9905        10.7279	                    15.7003
7.7619        11.7392	                    11.1403
4.93333        12.5001	                    9.19537
-2.5        14.427	                    4.0522
-7.73333        21.7639	                    2.90053
3.16106        23.5537	                    12.3493
-8.94286        19.372	                    0.948247
-8.43333        19.0693	                    1.02942
-7.70476        19.221	                    1.67338
-7.26667        19.7819	                    2.2496
-7.20476        20.1055	                    2.42921
-2.5381        15.3176	                    4.39227
-1.01429        17.4143	                    6.29701
0.2        18.2971	                    7.62483
1.14286        23.4347	                    10.4408
13.4956        28.8969	                    22.4879
18.3225        28.3434	                    26.1315
22.4255        27.9367	                    29.2535
24.2128        27.7938	                    30.627
19.2238        22.4124	                    24.4971
19.5619        22.1054	                    24.6448
18.8714        21.3254	                    24.0042
17.3619        20.0908	                    22.0767
15.2        18.5695	                    19.7347
14.2095        17.6763	                    18.5819
10.0476        13.6258	                    13.6111
8.61905        12.5497	                    12.0306
6.46667        8.00177	                    8.45289
3.1        6.22654	                    5.03307
-0.261905        4.88939	                    1.79578
-3.57143        3.94612	                    -1.23847
-7.01429        3.3544	                    -4.23537
-8.1        3.1332	                    -5.19466
-11        2.53628	                    -7.75947
-11.2143        2.25399	                    -8.04669
-11.4333        1.72692	                    -8.43814
-11.0714        1.82356	                    -8.10898
-10.2619        2.07763	                    -7.35713
-9.01429        2.73231	                    -6.0905
-7.13333        3.58683	                    -4.23531
-5.97619        4.19434	                    -3.06052
-2.2619        5.69874	                    0.527387
-0.780952        6.1823	                    1.9102
3.67619        7.36727	                    5.96096
5.04286        7.59847	                    7.14888
8.98095        8.21506	                    10.5515
10.1238        8.36038	                    11.5252
11.8238        8.35967	                    12.885
12.981        8.27446	                    13.7758
13.3667        7.87869	                    13.9226
13.181        7.10479	                    13.4574
12.219        6.18362	                    12.3107
11.6        5.68722	                    11.6122
8.41429        4.28313	                    8.48826
7.04762        3.80398	                    7.19849
3.99524        2.70742	                    4.30691
-0.171429        0.902831	                    0.233286
-2        0.139395	                    -1.54281
-5        -1.13335	                    -4.465
-8        -2.27755	                    -7.3344
-11.2714        -3.07937	                    -10.2804
-12.8286        -3.37731	                    -11.6483
-16.8286        -2.96216	                    -14.6478
-17.7857        -2.52699	                    -15.2653
-19.7381        -1.62218	                    -16.4394
-20        -1.54629	                    -16.6344
-19.9619        -1.19811	                    -16.4611
-19        -0.772703	                    -15.5091
-17        -0.317287	                    -13.7302
-15        -0.0801136	                    -12.0329
-13        0.689931	                    -10.1169
-12        1.18555	                    -9.11358
-9.02857        2.74246	                    -6.12582
-7.6619        2.94055	                    -4.92319
-5.13333        2.49447	                    -3.1088
-3        1.10437	                    -1.94689
-0.842857        -0.683208	                    -0.947615
0        -1.69987	                    -0.680037
1.57143        -5.05696	                    -0.765155
1.31429        -5.51739	                    -1.15483
-0.92381        -5.53337	                    -2.95169
-3.92381        -5.14146	                    -5.19511
-7.2        -5.78287	                    -8.0723
-8.62857        -6.35786	                    -9.44478
-12.8286        -9.55366	                    -14.1766
-14.119        -10.9525	                    -15.6685
-18.1524        -14.902	                    -20.4624
-19.6286        -15.8168	                    -22.0051
-23.2095        -15.9377	                    -25.0787
-26.6333        -15.1703	                    -27.3533
-29.1952        -14.2999	                    -29.0583
-30.719        -14.0051	                    -30.1605
-30.781        -14.3333	                    -30.3401
-30.4381        -14.761	                    -30.2351
-28.0238        -16.1715	                    -29.0248
-27.0238        -16.3571	                    -28.1348
-24.1        -16.0432	                    -25.6717
-23.2238        -15.3895	                    -24.868
-20.6524        -12.6768	                    -21.709
-19.5667        -12.1926	                    -20.6433
-16.6619        -12.1886	                    -18.3179
-13.3524        -13.1743	                    -15.9378
-9.81429        -15.2943	                    -13.9471
-6.6381        -17.539	                    -12.4693
-4.57143        -19.033	                    -11.4186
-4.2        -19.2379	                    -11.204
-5.5        -18.417	                    -11.9132
-6.23333        -17.9424	                    -12.1277
-8.23333        -17.9879	                    -13.7456
-8.9        -18.2157	                    -14.552
-10.6571        -19.6822	                    -16.5485
-11.2952        -20.1227	                    -17.2361
-12.7238        -20.9913	                    -18.7278
-14.7333        -20.5209	                    -19.9409
-17.2        -18.7324	                    -21.212
-20.2095        -15.4541	                    -22.4828
-22.4429        -12.0163	                    -22.8725
-23.1857        -10.7505	                    -22.9508
-23.781        -6.74926	                    -21.7918
-23.5        -5.64162	                    -21.0559
-22.2714        -4.21944	                    -19.5479
-20.1857        -3.26708	                    -17.4888
-18        -2.35208	                    -15.365
-16        -1.89446	                    -13.5773
-13.2714        -2.1465	                    -11.4978
-10.2714        -3.7772	                    -9.76656
-6.97143        -6.65793	                    -8.23887
-5.25714        -8.54724	                    -7.7083
-1.1381        -15.0528	                    -6.91064
-0.238095        -17.3965	                    -7.2917
0.27619        -21.1126	                    -8.37648
-1.7        -23.2518	                    -10.5819
-5.38095        -23.7882	                    -13.9723
-7.31429        -23.9853	                    -15.5976
-13.1286        -25.4306	                    -20.5719
-14.9        -25.9874	                    -22.4621
-18.9952        -27.7773	                    -26.4464
-20.1476        -28.3123	                    -27.3008
-22.1762        -29.1052	                    -29.2286
-23.8095        -28.9779	                    -30.7709
-24.8381        -28.158	                    -31.2709
-25.5952        -26.4549	                    -31.2036
-25.2143        -25.4572	                    -30.5031
-22.7952        -22.0869	                    -27.224
-21.2857        -21.0003	                    -25.581
-17.9        -18.2251	                    -21.5723
-13.1905        -15.7028	                    -16.9683
-7.96667        -12.6532	                    -11.5508
-2.3        -9.65485	                    -5.79511
4.04286        -6.85992	                    0.421906
7.32857        -5.83213	                    3.47131
16.0714        -2.83971	                    11.6922
18.6476        -1.91713	                    14.1315
23        -0.181829	                    18.3254
26.6333        1.49346	                    21.9194
28.7857        3.00122	                    24.2598
29.7857        3.69189	                    25.343
25.8571        15.462	                    27.0041
26.081        15.5321	                    27.2115
25.4619        14.937	                    26.475
24.7619        14.5248	                    25.7477
26.0286        0.286469	                    20.9404
24.0714        -0.332405	                    19.1208
17.3143        -1.27048	                    13.3302
15        -1.18085	                    11.5155
10        -0.43148	                    7.82296
5        0.7262	                    4.29796
-5.21429        15.6432	                    2.22038
-6.21429        15.7323	                    1.45648
-6.8619        15.6075	                    0.887782
-7.28571        16.4795	                    0.901875
-7.1        18.7212	                    1.95584
-6.94286        20.2382	                    2.69208
-5.3619        25.1884	                    5.68559
2.10476        13.8077	                    7.3308
3.7381        19.8828	                    11.094
6.8381        25.2547	                    15.7217
4.3381        35.3267	                    17.6672
23.5559        35.6664	                    33.1724
30.8302        35.7685	                    39.0312
38.7874        34.7401	                    45.0002
41.8344        34.3423	                    47.284
45.8321        33.5778	                    50.1861
47.2301        33.0553	                    51.1016
46.6868        32.8258	                    50.5778
29.1        33.8721	                    36.9145
26.9429        32.6691	                    34.7217
21.7095        29.0727	                    29.1282
16.2905        24.1246	                    22.834
19.5394        26.1225	                    26.2272
6.91429        18.2295	                    12.969
-0.6        7.73115	                    2.68887
-4.11905        6.20188	                    -0.685609
-11.1        3.67713	                    -7.37161
-14.1333        2.72397	                    -10.1892
-22        1.47535	                    -16.9947
-24        1.36278	                    -18.6409
-26        1.46911	                    -20.1972
-25        1.04263	                    -19.5722
-23        1.24064	                    -17.891
-21.2143        1.70439	                    -16.2721
-17.1        3.07454	                    -12.4187
-11.5143        5.38974	                    -7.0011
-5.6        7.98556	                    -1.20707
-2.28571        9.57289	                    2.09307
2.23333        17.1511	                    8.78871
10.1143        19.1986	                    15.9196
17.6238        20.3981	                    22.4097
29.5244        27.1008	                    34.6026
36.2513        27.1229	                    39.9927
41.5465        26.9992	                    44.18
35.6143        22.6495	                    37.7043
36.4238        22.5356	                    38.3064
35.6619        21.2076	                    37.1651
32.4429        19.3948	                    33.8614
29.7524        12.3001	                    28.8357
27.0952        11.1286	                    26.2327
17.6857        5.65867	                    16.4691
14.4286        3.77184	                    13.0901
8        0.378349	                    6.55524
0.371429        -2.36148	                    -0.671687
-6.86667        -4.30182	                    -7.25782
-9.82857        -4.89472	                    -9.87035
-18.3571        -5.5528	                    -16.9628
-20.4286        -5.42091	                    -18.566
-23.3048        -4.57114	                    -20.5187
-24.4143        -3.84468	                    -21.1085
-22.8286        -3.52672	                    -19.7096
-21.5667        -3.24085	                    -18.5828
-15.9524        -1.29231	                    -13.2921
-13.9286        -0.242554	                    -11.2424
-7.81429        2.65695	                    -5.16141
-1.8619        5.81243	                    0.893952
4.32381        9.35872	                    7.29322
7.9        19.3975	                    14.2282
15.2857        21.3358	                    20.9155
18.9429        22.3745	                    24.2572
40.8894        26.6564	                    43.5187
43.628        26.5959	                    45.6856
47.8362        26.1449	                    48.8735
37.0714        26.87	                    40.5488
36.0714        26.5625	                    39.6271
32.9        25.1967	                    36.5482
30.6286        23.9548	                    34.2368
26.5        10.9727	                    25.6929
19.2        18.4122	                    23.066
13.2095        15.1949	                    16.7777
6.19048        12.2632	                    9.97111
4.02857        -0.254513	                    3.11843
1.07143        -1.38351	                    0.274604
-9.56667        -2.70969	                    -8.76499
-11.9857        -2.42917	                    -10.5852
-16.9        -1.15503	                    -13.9939
-18.9        -0.319893	                    -15.2513
-20.8143        3.02825	                    -15.4091
-20.3143        3.97776	                    -14.6198
-18.6905        14.4987	                    -9.02476
-16.4905        15.2005	                    -6.98004
-11.1762        17.26	                    -1.89488
-5.26667        19.9741	                    3.92687
1.01429        22.8272	                    10.0954
7.59524        26.1864	                    16.6972
13.6714        29.3621	                    22.8115
17.2        30.8883	                    26.2327
26.7667        33.955	                    35.0799
30.1        34.1488	                    37.8216
44.822        35.2735	                    50.0339
49.4808        34.1731	                    53.3357
52.2044        32.6727	                    54.9324
52.8179        31.032	                    54.7832
52.0886        30.0247	                    53.8053
33.8286        25.1828	                    37.2856
30.7        23.0488	                    33.9325
24.7619        13.9926	                    25.6808
15.119        10.9635	                    16.5844
5.69524        7.37378	                    7.57886
-3        2.76935	                    -1.26388
-11        -0.918669	                    -9.17693
-18.7857        -3.68398	                    -16.5398
-22.381        -4.82347	                    -19.8831
-30.6        -5.97157	                    -26.9928
-32.4286        -5.8033	                    -28.3226
-34.4714        -4.60805	                    -29.4671
-34.5        -2.65861	                    -28.7193
-32        -0.228494	                    -25.6962
-27        1.7192	                    -20.8946
-23.6476        2.65845	                    -17.7988
-11.6714        6.21871	                    -6.72044
-7.6        7.71022	                    -2.91969
-1.37143        15.5504	                    5.42241
7.56667        18.5638	                    13.6257
16.519        21.2165	                    21.8543
20.1667        22.321	                    25.2149
31.6        25.8984	                    35.7868
34.5952        26.6427	                    38.4779
47.7031        30.9774	                    50.6701
51.7846        30.0948	                    53.5896
53.2518        28.6045	                    54.1778
43.5429        23.0803	                    44.2193
39.7333        19.6277	                    39.9947
36.9        18.0912	                    36.9018
26.6762        8.09301	                    24.7447
21.781        6.28834	                    20.0707
11.8286        3.28699	                    10.8466
1.17143        -0.18919	                    0.857481
-7.82857        -4.13928	                    -8.00525
-12.0143        -5.88641	                    -12.0885
-24.119        -10.1251	                    -23.5508
-26.9857        -10.8045	                    -26.1285
-31.7524        -11.1057	                    -29.949
-33.6524        -10.8615	                    -31.4857
-35.8        -8.11123	                    -32.0514
-35.4        -6.70345	                    -31.1404
-32.0667        -3.35423	                    -27.0654
-26        -0.384697	                    -20.962
-18        1.67942	                    -13.711
-14        2.80941	                    -10.0172
-2.45238        14.676	                    4.19393
2.07619        16.516	                    8.5815
11.4952        19.859	                    17.2901
20.081        23.8337	                    25.7505
27.5952        27.6239	                    33.2659
34.6048        30.3873	                    39.9604
37.7476        31.1635	                    42.7784
56.8436        30.9108	                    57.9564
58.7041        30.3631	                    59.2304
60.9771        28.4874	                    60.3119
60.9019        25.9146	                    59.5043
43.0714        26.6136	                    45.5237
36.2333        23.8076	                    38.9109
32.0952        21.6853	                    34.7311
21.0952        2.4682	                    17.9154
15.4762        1.12823	                    12.856
4.17143        -1.72356	                    2.61144
-5.00952        -5.80647	                    -6.45108
-12.3        -9.21753	                    -13.7153
-18.8        -12.0081	                    -20.0832
-23.9286        -13.4888	                    -24.8041
-26.0238        -13.7335	                    -26.5823
-29.219        -12.2332	                    -28.5125
-28.5762        -9.07577	                    -26.6768
-27.5238        -6.94295	                    -24.94
-22.9524        -2.18618	                    -19.2824
-25.4143        21.2135	                    -11.4703
9.08435        17.509	                    14.5997
14.5758        18.5214	                    19.4119
32.6909        21.6598	                    35.1972
39.5425        23.0711	                    41.257
49.5988        24.9499	                    50.0693
57.3732        27.0467	                    57.1406
62.3042        29.8107	                    62.2006
64.3982        32.3693	                    64.8996
64.7251        33.7548	                    65.7121
62.1826        37.8469	                    65.2895
60.8024        38.6582	                    64.5019
57.8481        39.4414	                    62.4432
57.1067        36.7881	                    61.2025
55.6582        32.6569	                    58.3722
51.6665        28.6229	                    53.523
45.3983        25.5088	                    47.2158
41.2263        24.3761	                    43.4052
0.395238        34.8471	                    15.0511
-4.53333        34.1641	                    10.8317
-7.62381        20.4176	                    2.66105
-17.2048        20.484	                    -4.97569
-28.6048        28.7958	                    -10.6226
-14.9169        28.4833	                    0.198618
-13.6481        25.4029	                    -0.0654602
-12.6278        24.8027	                    0.500268
-8.96227        24.4307	                    3.2772
-5.00051        25.1884	                    6.76317
-1.10051        26.7242	                    10.5227
-13.9048        31.7062	                    2.33356
-11.6952        32.6249	                    4.47634
-3.8619        35.0655	                    11.7337
-1.08095        35.4397	                    13.7336
16.5883        36.5287	                    28.2976
23.434        36.7444	                    33.8587
30.9153        35.9709	                    39.5398
34.0828        35.64	                    42.3214
41.7568        34.6368	                    47.6867
43.0047        34.342	                    48.5683
44.1005        33.8256	                    49.2405
43.101        33.0442	                    48.1305
40.0013        32.2824	                    45.6938
26.019        31.085	                    34.0183
28.1899        29.2183	                    34.9875
25.3909        27.7577	                    32.1446
9.44286        18.8969	                    15.671
1.82857        15.4056	                    8.0948
-2.8619        5.86506	                    0.244996
-10.8143        3.35035	                    -7.20297
-18        1.87805	                    -13.5879
-21        1.65851	                    -16.0829
-27        1.80841	                    -20.8181
-27.9048        2.2815	                    -21.3373
-27.7286        2.88674	                    -20.9348
-25.2143        2.98118	                    -18.8825
-21.3143        3.73225	                    -15.438
-18.7429        4.34181	                    -13.1667
-10.2333        7.18585	                    -5.16372
-7.07143        8.63182	                    -2.0274
-2.85238        16.724	                    4.72496
4.65714        19.2808	                    12.005
11.8476        21.4398	                    18.4322
18.6143        22.9083	                    24.4479
32.9139        29.4123	                    38.5282
35.8803        29.6904	                    41.0131
42.2329        29.1559	                    45.8802
45.5028        28.2552	                    48.133
46.0669        26.9273	                    48.0472
36.4857        22.0051	                    38.3748
29.9        18.4097	                    31.625
26.6238        17.3172	                    28.7452
20.8857        9.30278	                    20.6196
12.6143        6.38394	                    12.8498
4.68571        2.93212	                    5.01627
1        0.993902	                    1.22978
-8.7381        -3.89696	                    -8.63092
-11.6        -5.18985	                    -11.5231
-19.4333        -7.66233	                    -18.7697
-21.2429        -8.02307	                    -20.3687
-24.1095        -7.78665	                    -22.5628
-25.5571        -6.88528	                    -23.3424
-25.1714        -4.89516	                    -22.1975
-22.9524        -2.95329	                    -19.6053
-19        -1.34406	                    -15.7659
-16        -0.637699	                    -13.0685
-6        1.26231	                    -4.26849
-3        2.30575	                    -1.42921
3.1381        15.0431	                    8.81907
6.68571        16.4674	                    12.249
13.0571        20.0504	                    18.828
18.9619        23.9438	                    25.1494
24.0714        27.1224	                    30.5299
28.8286        29.0711	                    35.1226
49.4233        25.6084	                    50.1969
52.9271        25.1223	                    52.8022
55.046        24.0702	                    54.0683
55.3854        23.3208	                    54.0336
52.3548        21.4605	                    50.8464
30.9        28.1391	                    36.4039
24.0714        27.2153	                    30.5675
22.6381        12.6737	                    23.4316
12.8        11.4444	                    15.0476
3.82857        10.2758	                    7.38149
-8.54762        19.3181	                    1.24223
-13.2238        16.6781	                    -3.59122
-17.6905        14.6305	                    -8.01546
-19.681        14.277	                    -9.75504
-17.6476        1.67919	                    -13.4111
-18        2.54694	                    -13.3277
-18.4333        4.97001	                    -12.6549
-17.4095        8.7853	                    -10.2335
-14.8381        13.0409	                    -6.39605
-10.4714        16.9412	                    -1.28021
-8.04762        28.6076	                    5.43484
9.79317        29.8816	                    20.2202
22.7566        30.7764	                    30.9499
27.2895        31.0883	                    34.7011
35.5348        31.5067	                    41.4647
42.1691        32.1728	                    47.0381
46.37        32.6225	                    50.5779
48.2584        33.1718	                    52.3072
48.0487        33.7037	                    52.3506
47.0918        33.9115	                    51.6675
42.3906        33.4685	                    47.7308
40.3939        32.6082	                    45.7914
36.723        29.2407	                    41.5064
31.5075        25.4427	                    35.7969
10.4429        19.6786	                    16.5833
6.20952        18.2409	                    12.6028
-4.74762        6.12106	                    -1.22243
-9.57619        5.0812	                    -5.46481
-22.5        3.67365	                    -16.4535
-26.3714        3.42135	                    -19.6568
-30.5        3.32898	                    -22.9985
-31.9048        2.49383	                    -24.4738
-30.6476        1.99563	                    -23.6779
-29.3714        2.26686	                    -22.5427
-25.5714        3.59145	                    -18.9452
-20.5143        5.74737	                    -13.9928
-14.2571        8.89398	                    -7.66604
-9.76667        18.2107	                    -0.190618
-1.48095        21.3772	                    7.74359
2.73333        22.6108	                    11.6212
23.8677        30.753	                    31.8294
28.0006        31.4316	                    35.4073
36.3827        31.7036	                    42.2216
43.6547        31.0721	                    47.7868
47.965        29.8308	                    50.7372
49.2934        28.9314	                    51.4382
48.9976        25.4975	                    49.8113
37.7952        24.1843	                    40.3143
32.5857        20.6374	                    34.6927
29.2        18.7806	                    31.2183
17.4        13.2379	                    19.4766
13.2143        11.4485	                    15.3807
9.01429        -1.54556	                    6.56067
0.328571        -4.71109	                    -1.72006
-7.6381        -6.512	                    -8.8504
-11.5571        -6.9059	                    -12.1511
-22.4        -6.20317	                    -20.5302
-25.0143        -5.45246	                    -22.3061
-28.9286        -2.99473	                    -24.4036
-30        -0.283647	                    -24.1194
-31.9571        10.3442	                    -21.2184
-29.7857        11.3594	                    -19.0565
-20.0667        14.7334	                    -9.87361
-16.4571        16.1569	                    -6.39423
-8.62381        19.8613	                    1.40534
-4.3        21.7135	                    5.62648
8.95238        27.9212	                    18.7578
12.8095        29.7027	                    22.5614
20.7714        33.2561	                    30.3511
39.6197        34.6126	                    45.9675
45.0053        36.5807	                    51.0516
47.5451        37.0393	                    53.2634
52.8263        36.5774	                    57.307
56.4157        35.252	                    59.6569
56.968        33.4237	                    59.3749
56.0548        32.3045	                    58.199
48.9004        28.5973	                    50.9891
34.1667        24.6647	                    37.6074
25.2048        20.5445	                    28.7497
16.4905        12.3119	                    18.3625
4.59048        8.24499	                    7.13987
-0.861905        6.13924	                    1.89378
-16        -0.581598	                    -13.0449
-21        -2.42592	                    -17.8214
-28.7381        -4.69906	                    -24.9683
-32.1381        -5.42521	                    -28.0551
-38.7333        -5.4137	                    -33.265
-39.7381        -4.88407	                    -33.8461
-39.9        -2.73021	                    -33.0695
-38.9714        -1.47639	                    -31.7988
-32.0476        2.50562	                    -24.5832
-28.5        3.88957	                    -21.1627
-20.4        6.79647	                    -13.4606
-11.2905        9.89647	                    -4.87259
-1.69048        13.8922	                    4.47702
3.69048        15.3693	                    9.39665
18.5667        18.7728	                    22.7084
23.1571        19.7269	                    26.7747
31.5714        20.9481	                    34.0091
34.7619        21.2263	                    36.6759
44.6548        30.8594	                    48.5017
46.2717        29.9704	                    49.4387
45.4143        16.6999	                    43.3283
43.781        13.5587	                    40.7151
39.1857        9.89917	                    35.5095
37.5        4.06201	                    31.7099
25.8        -4.59672	                    18.7052
21.2667        -7.38209	                    13.908
6.24286        -14.1589	                    -0.946259
1.04762        -16.0094	                    -5.87216
-9.53333        -18.5508	                    -15.39
-14.4286        -19.5672	                    -19.726
-27.3952        -20.828	                    -30.6187
-30.6857        -20.6344	                    -33.1714
-36.7857        -19.2501	                    -37.4808
-40.5762        -16.3868	                    -39.3279
-41.3048        -11.9311	                    -38.0548
-40.8524        -9.59217	                    -36.7142
-34.7381        -1.2612	                    -28.3215
-31        1.49034	                    -24.1725
-24.8429        12.7171	                    -14.535
-14.3286        17.7368	                    -4.03625
-3.05714        22.3232	                    6.87096
17.1165        29.3121	                    25.8499
28.4239        33.8592	                    36.7125
33.1244        35.8977	                    41.2783
45.5053        41.3897	                    53.3227
48.8763        43.056	                    56.6596
53.376        46.2945	                    61.4902
54.2418        47.6788	                    62.7037
54.2709        49.1267	                    63.2681
52.8948        49.1366	                    62.1709
49.5215        48.0676	                    59.5567
55.5619        21.8839	                    53.586
30.8524        34.9768	                    39.4693
24.9381        33.526	                    34.1498
12.1238        30.3095	                    22.2565
6.22381        25.8302	                    16.0102
-13.3571        12.3287	                    -5.36982
-20.4286        8.04086	                    -12.8701
-40.2143        -25.786	                    -43.1842
-50.3333        -21.0844	                    -49.3082
-66.7667        -11.8414	                    -58.5202
-79.0714        1.10357	                    -62.7799
-82.3524        -5.5004	                    -68.259
-89.0571        60.7385	                    -46.6188
216.32        -26.4151	                    100
217.567        -29.3941	                    100
-87.2441        71.4807	                    -41.4495
217.375        -31.8113	                    100
213.128        -33.8047	                    100
204.989        -36.8883	                    100
197.098        -39.1299	                    100
193.595        -40.4423	                    100
177.293        -47.4945	                    100
169.373        -49.6973	                    100
169.373        -49.6973	                    100
169.373        -49.6973	                    100
169.373        -49.6973	                    100
169.373        -49.6973	                    100
169.373        -49.6973	                    100
169.373        -49.6973	                    100
169.373        -49.6973	                    100
169.373        -49.6973	                    100
169.373        -49.6973	                    100
169.373        -49.6973	                    100
169.373        -49.6973	                    100
169.373        -49.6973	                    100
169.373        -49.6973	                    100
169.373        -49.6973	                    100
169.373        -49.6973	                    100
169.373        -49.6973	                    100
169.373        -49.6973	                    100
169.373        -49.6973	                    100
169.373        -49.6973	                    100
169.373        -49.6973	                    100
169.373        -49.6973	                    100
169.373        -49.6973	                    100
169.373        -49.6973	                    100
169.373        -49.6973	                    100
169.373        -49.6973	                    100
169.373        -49.6973	                    100
169.373        -49.6973	                    100
169.373        -49.6973	                    100
169.373        -49.6973	                    100
169.373        -49.6973	                    100
169.373        -49.6973	                    100
169.373        -49.6973	                    100
169.373        -49.6973	                    100
169.373        -49.6973	                    100
169.373        -49.6973	                    100
169.373        -49.6973	                    100
169.373        -49.6973	                    100
169.373        -49.6973	                    100
169.373        -49.6973	                    100
169.373        -49.6973	                    100
169.373        -49.6973	                    100
169.373        -49.6973	                    100
169.373        -49.6973	                    100
169.373        -49.6973	                    100
169.373        -49.6973	                    100
169.373        -49.6973	                    100
169.373        -49.6973	                    100
169.373        -49.6973	                    100
169.373        -49.6973	                    100
169.373        -49.6973	                    100
169.373        -49.6973	                    100
169.373        -49.6973	                    100
169.373        -49.6973	                    100
169.373        -49.6973	                    100
169.373        -49.6973	                    100
169.373        -49.6973	                    100
169.373        -49.6973	                    100
169.373        -49.6973	                    100
169.373        -49.6973	                    100
169.373        -49.6973	                    100
169.373        -49.6973	                    100
169.373        -49.6973	                    100
169.373        -49.6973	                    100
169.373        -49.6973	                    100
169.373        -49.6973	                    100
169.373        -49.6973	                    100
169.373        -49.6973	                    100
169.373        -49.6973	                    100
169.373        -49.6973	                    100
169.373        -49.6973	                    100
169.373        -49.6973	                    100
169.373        -49.6973	                    100
169.373        -49.6973	                    100
169.373        -49.6973	                    100
169.373        -49.6973	                    100
169.373        -49.6973	                    100
169.373        -49.6973	                    100
169.373        -49.6973	                    100
169.373        -49.6973	                    100
169.373        -49.6973	                    100
169.373        -49.6973	                    100
169.373        -49.6973	                    100
169.373        -49.6973	                    100
169.373        -49.6973	                    100
169.373        -49.6973	                    100
169.373        -49.6973	                    100
169.373        -49.6973	                    100
-115.558        79.5892	                    -54.0303
-33.0377        74.5686	                    10.1834
-18.833        73.0068	                    20.9684
1.13136        69.5755	                    35.6378
11.0363        66.4088	                    42.3227
30.3186        60.7892	                    55.4594
38.8049        56.9163	                    59.7511
56.9524        27.1037	                    60.1786
44.6524        41.9048	                    57.6816
43.0476        31.9554	                    51.5294
41.4333        27.6569	                    48.0485
36.5571        18.0694	                    39.1088
29.7333        7.14399	                    27.719
20.9476        -5.13841	                    13.9276
15.7905        -10.1926	                    7.03111
-4.15238        -21.2043	                    -14.8536
-7.74762        -32.1626	                    -23.3937
-22.7667        -33.972	                    -35.7508
-35.3429        -35.5349	                    -46.566
-45.9333        -36.897	                    -55.6903
-50.519        -37.4838	                    -59.6382
-60.2714        -35.3034	                    -66.3975
-68.3762        -19.702	                    -65.0865
-42.4128        -47.0013	                    -56.8665
-41.986        -37.9829	                    -53.0486
-38.3537        -34.3832	                    -48.4195
-35.7201        -31.8865	                    -45.0974
-41.1        -33.9015	                    -49.8534
-39.0524        -30.1668	                    -46.9172
-30.0714        -26.2239	                    -37.3414
-26.7143        -24.6662	                    -33.8922
-19.519        -21.6284	                    -26.6343
-11.9        -18.431	                    -18.9417
-3.98571        -15.6888	                    -11.2284
-0.309524        -14.6034	                    -7.73778
9.46667        -11.7142	                    1.55284
12.4333        -10.9738	                    4.30416
16.8143        -9.34585	                    8.64174
19.7476        -7.84317	                    11.8844
21.5714        -6.84048	                    13.8425
22.3286        -6.21192	                    14.7613
22.1714        -6.133	                    14.6749
21.6714        -6.31513	                    14.1842
18.6        -7.14471	                    11.3139
17.1048        -7.53085	                    9.92547
13.7571        -8.28371	                    6.87289
9.95714        -9.15062	                    3.53944
5.83333        -9.92038	                    -0.130277
3.7619        -10.3066	                    -1.97323
-2.7        -11.6885	                    -7.80681
-4.42381        -11.9565	                    -9.31445
-7.81905        -12.3468	                    -12.2178
-9        -12.4125	                    -13.1941
-12.3095        -11.7683	                    -15.5327
-12.9238        -11.3173	                    -15.8076
-13.4619        -10.1106	                    -15.658
-13.3619        -8.3563	                    -14.7329
-12.3286        -6.40401	                    -12.9637
-10.4857        -4.30342	                    -10.4123
-7.5        -2.12603	                    -7.00012
-5.62857        -1.44129	                    -5.1809
0        1.30968	                    0.616133
2        2.21757	                    2.64317
5.68571        4.18155	                    6.51507
7.68571        5.3235	                    8.65149
12.2095        8.68605	                    13.8472
13.5238        9.86411	                    15.4496
15.3333        11.7024	                    17.7554
16.819        13.3789	                    19.7244
17.7619        14.3408	                    20.9254
17.619        15.7681	                    21.2645
18.3095        14.3316	                    21.3593
18.319        13.5649	                    20.8312
17.3095        12.0909	                    19.3569
15.7143        9.49106	                    16.9012
13.1238        7.98348	                    14.1431
9.82857        6.40908	                    10.7896
6.30476        4.95501	                    7.30737
4.42381        4.256	                    5.48355
0.352381        2.76301	                    1.54456
-3.00476        1.35989	                    -1.78228
-6        -0.074289	                    -4.83395
-7.95238        -0.629387	                    -6.6416
-11.1857        -2.37657	                    -10.0046
-12.0952        -2.73821	                    -10.8929
-13.4286        -3.26	                    -12.1913
-13.9286        -3.28495	                    -12.6024
-13.7381        -3.11971	                    -12.3766
-13.2714        -2.8629	                    -11.8892
-12        -2.20035	                    -10.5777
-10        -1.29983	                    -8.57762
-7.5        -0.372356	                    -6.16547
-5        0.608594	                    -3.72954
-1.72857        1.63032	                    -0.658382
0        2.22326	                    0.987919
2.99524        3.05645	                    3.75422
5.92857        3.83839	                    6.44813
8.7381        4.60667	                    8.98169
10.7381        5.10299	                    10.8571
12.6143        5.44997	                    12.512
13.4524        5.56346	                    13.1662
14.4        4.99191	                    13.7373
14.6286        4.72796	                    13.7465
13.9        3.91292	                    12.8115
12.9        3.12074	                    11.6692
11        2.21037	                    9.75572
10        1.82053	                    8.78719
7.09524        0.901237	                    6.0659
4.07143        0.0284883	                    3.26946
1.81429        -0.815208	                    1.09892
0        -1.2486	                    -0.539903
-3.92857        -2.57823	                    -4.2576
-4.97143        -3.03458	                    -5.28913
-6.86667        -3.60748	                    -7.0529
-8.56667        -4.03383	                    -8.59711
-9.7381        -3.85593	                    -9.45739
-10.0476        -3.79734	                    -9.6797
-10.3524        -2.88587	                    -9.52962
-10        -2.32358	                    -8.9783
-9        -1.32346	                    -7.75725
-8        -0.395324	                    -6.56646
-5        0.610938	                    -3.73582
-4        0.964442	                    -2.78296
0.352381        2.29792	                    1.2494
1.9        2.69905	                    2.65634
4.68571        3.74973	                    5.32707
5.82857        4.29879	                    6.47235
9.55238        5.61684	                    10.0057
10.4524        5.84047	                    10.8197
12.1        6.50111	                    12.4154
13.3286        6.46838	                    13.3845
14.219        6.13455	                    13.9566
14.4524        5.77592	                    13.9925
13.8286        4.65856	                    13.0237
13.4238        4.24569	                    12.5262
11.6857        3.50481	                    10.824
9.62857        2.68789	                    8.8345
8.27143        2.40188	                    7.6284
4        1.24824	                    3.72558
2.92857        0.85618	                    2.70337
0        -0.105903	                    -0.0445928
-2.62857        -1.2808	                    -2.64215
-4.92857        -2.04099	                    -4.8022
-5.86667        -2.43764	                    -5.6934
-7.7381        -2.68895	                    -7.32257
-8.97143        -2.56772	                    -8.25821
-9.86667        -2.20109	                    -8.82007
-9.97143        -1.86324	                    -8.74159
-9.27143        -0.792395	                    -7.75079
-9        -0.272149	                    -7.31459
-7        0.590884	                    -5.35756
-5        1.51736	                    -3.37745
-3        2.42555	                    -1.40489
-1.37143        3.0094	                    0.137429
1.1381        4.20733	                    2.63623
3.88095        5.46308	                    5.34513
6.32857        6.45404	                    7.70908
7.51905        6.92083	                    8.85255
10.8952        7.81431	                    11.9191
11.8238        7.88108	                    12.6892
13.2952        7.60785	                    13.7546
13.9095        7.36314	                    14.1459
14.4286        6.342	                    14.1432
14.2524        5.83724	                    13.7955
13.0857        4.79382	                    12.4347
12.2238        4.31703	                    11.5498
8.92857        2.2346	                    8.05964
7.62857        1.47768	                    6.70913
4        0.142789	                    3.25859
1.01429        -1.25666	                    0.295833
-1.99524        -2.67304	                    -2.69281
-3.78571        -3.23204	                    -4.35445
-7.11429        -4.29609	                    -7.45357
-9.82857        -5.03185	                    -9.92654
-12.0524        -5.50554	                    -11.8997
-13.0143        -5.61881	                    -12.7156
-14.681        -5.64882	                    -14.0612
-14.9238        -5.38682	                    -14.1482
-14.6857        -4.90687	                    -13.761
-13.6857        -4.07268	                    -12.6191
-11.8286        -2.90634	                    -10.6552
-10.5667        -2.24026	                    -9.37244
-7.7381        -0.83049	                    -6.53122
-4        0.792928	                    -2.87466
-0.647619        2.10724	                    0.346445
1        2.68013	                    1.89953
4.82857        3.82338	                    5.43121
8.32381        4.64488	                    8.51667
11.4714        5.21998	                    11.3179
12.5381        5.43714	                    12.2602
14.6143        5.73198	                    14.042
15.6857        5.52345	                    14.8137
16.0524        5.24033	                    14.991
15.8286        4.87776	                    14.6136
14.8667        4.15395	                    13.5972
12.9952        2.94701	                    11.6052
10.8286        1.82867	                    9.41312
9        1.05146	                    7.62065
6        -0.450862	                    4.61962
2.00476        -1.84725	                    0.86482
-1.82857        -3.22639	                    -2.75342
-3.7381        -3.74577	                    -4.48871
-7.68571        -4.88139	                    -8.1506
-9.47143        -5.25914	                    -9.73396
-12.4524        -5.81667	                    -12.2877
-14.4524        -5.99264	                    -13.958
-15.6143        -5.87153	                    -14.8391
-15.681        -5.66809	                    -14.8691
-15.4714        -5.08678	                    -14.4114
-14.1381        -4.06339	                    -12.9357
-12.0952        -2.75675	                    -10.7789
-10.7857        -1.89932	                    -9.38839
-7        -0.124224	                    -5.6497
-3.5        1.54175	                    -2.18321
0.566667        3.11859	                    1.70079
2.68571        3.70819	                    3.63178
6.78571        4.70634	                    7.31076
10.6143        5.61893	                    10.7382
13.6714        6.18928	                    13.4117
15.219        6.57533	                    14.804
17.3286        6.77106	                    16.5697
17.9667        6.73348	                    17.0652
18.6143        6.1877	                    17.3654
18.3571        5.82488	                    17.0148
17.0857        4.7279	                    15.5594
16.0238        3.97537	                    14.4091
12        1.75865	                    10.3035
10        0.985475	                    8.39425
6        -0.544338	                    4.58223
4        -1.38426	                    2.64622
-2.42857        -3.41193	                    -3.30761
-4.5        -3.88131	                    -5.15242
-8.2        -4.84682	                    -8.49833
-11.4524        -5.64579	                    -11.4194
-13.6714        -6.23664	                    -13.4307
-14.7238        -6.21428	                    -14.2636
-16.1        -6.27066	                    -15.3871
-16.4524        -5.70447	                    -15.4429
-15.8286        -4.72365	                    -14.552
-15.1381        -4.03369	                    -13.7238
-13.1857        -2.75192	                    -11.6494
-10        -0.783232	                    -8.31334
-7        0.800981	                    -5.27955
-4.72857        1.4839	                    -3.18922
2.08095        3.56166	                    3.08938
4.68571        4.33553	                    5.48256
9.13809        5.66542	                    9.57586
13.3286        6.87507	                    13.4113
17.0524        7.70085	                    16.7198
18.2571        8.04432	                    17.8206
20.3667        8.57694	                    19.7206
21.981        8.11156	                    20.8265
22.2952        7.2307	                    20.7265
21.9714        6.63836	                    20.2311
20.4857        5.20239	                    18.469
17.7381        3.63875	                    15.6459
14        2.05375	                    12.0216
12        1.28836	                    10.1154
7.02857        -0.14312	                    5.5656
2.5        -1.43361	                    1.42647
-1.97143        -2.85651	                    -2.7198
-4.24286        -3.73409	                    -4.88785
-7.7381        -5.15371	                    -8.25143
-11.4952        -6.39112	                    -11.7514
-14.2952        -6.86408	                    -14.1802
-15.181        -6.85189	                    -14.8839
-16.4952        -6.39695	                    -15.7537
-16.9238        -5.31014	                    -15.6625
-15.9286        -3.70346	                    -14.2242
-14.9857        -2.74672	                    -13.0873
-12        -1.25107	                    -10.1005
-8        -0.118559	                    -6.44743
-3        1.38287	                    -1.84677
-0.371429        2.1436	                    0.560385
4.92857        3.91857	                    5.51017
10.2524        5.91146	                    10.5656
15.1333        8.05726	                    15.3267
17.0619        8.8358	                    17.18
18.5905        15.7814	                    21.1607
22.2762        16.3128	                    24.3192
25.1905        16.2474	                    26.6248
25.9048        16.0823	                    27.131
26.4619        15.7288	                    27.437
25.3952        15.1956	                    26.3729
26.1381        7.90489	                    24.0698
24.2952        7.52401	                    22.4436
20.181        6.87544	                    18.8933
17.6143        6.49578	                    16.6884
9.86667        4.20816	                    9.57641
8        2.91706	                    7.56687
4        0.542963	                    3.41722
0        -1.3291	                    -0.53172
-4.56667        -2.39825	                    -4.61271
-6.18095        -2.66141	                    -6.00939
-9.68571        -2.18855	                    -8.62408
-12        -1.07454	                    -10.0299
-13        0.957711	                    -10.0169
-12.9048        1.74863	                    -9.62427
-10.6476        2.87364	                    -7.36859
-12.4333        10.7239	                    -5.66436
-5.64762        13.013	                    0.673764
-3.68095        13.9163	                    2.60531
1.19048        16.3445	                    7.46316
3.67143        17.6132	                    9.94846
9.20476        20.8504	                    15.6472
11.9429        22.7105	                    18.5651
19.0714        26.6377	                    25.7937
21.3286        27.3167	                    27.8617
38.536        27.9125	                    41.8575
43.0515        27.176	                    45.1857
45.6592        26.2255	                    46.9044
46.1013        25.5792	                    47.0077
30.1667        26.9548	                    34.7925
26.0714        25.7888	                    31.0651
23.8571        15.023	                    25.0741
20.319        13.9172	                    21.9467
9.58571        20.3247	                    15.9497
3.56667        17.9926	                    10.1953
-1.49048        15.3479	                    5.07971
-4.12381        14.1267	                    2.47751
-4.64762        3.77593	                    -2.1692
-8.37143        3.1281	                    -5.41389
-11.6476        3.67198	                    -7.81182
-12.8619        4.29658	                    -8.52718
-14.9952        7.63115	                    -8.86823
-15.019        8.82495	                    -8.39915
-15.7286        16.8486	                    -5.7031
-11.7905        17.7115	                    -2.2039
-6.69524        18.5855	                    2.22493
-3.88571        19.238	                    4.73546
1.9619        20.5528	                    9.94229
7.84762        22.127	                    15.282
13.4143        23.6618	                    20.3486
16.0381        24.3506	                    22.7221
23.0714        25.9067	                    28.9672
25.0714        26.2032	                    30.6848
34.6064        32.1249	                    40.6406
36.9324        31.7726	                    42.3641
38.0647        30.2768	                    42.685
38.2122        29.4412	                    42.4752
30.0571        19.6503	                    32.0557
25.4143        16.5586	                    27.0939
19.2571        12.5163	                    20.5275
15.5524        10.9886	                    16.9413
2.82857        6.28778	                    4.90858
-1.37143        4.65134	                    0.86064
-9        1.2691	                    -6.6793
-12.9952        -0.505121	                    -10.6034
-19.5667        -3.74389	                    -17.1891
-24.9714        -6.08259	                    -22.4713
-28.8429        -7.55275	                    -26.1702
-30.3667        -8.09435	                    -27.6976
-32.1095        -8.95866	                    -29.3583
-31.9095        -8.98897	                    -29.3071
-29.6238        -8.49571	                    -27.1806
-28.0429        -7.99334	                    -25.7962
-21.381        -5.20101	                    -19.2937
-18.7381        -4.07046	                    -16.7039
-12        -1.34341	                    -10.1512
-8        -0.0204922	                    -6.40841
2.9        3.82913	                    3.89071
6.7381        4.7575	                    7.39291
14.1        6.64592	                    14.0048
17.4        7.3638	                    17.0177
24.3333        11.4153	                    24.2621
26.3095        11.8521	                    26.0256
29.3333        11.9883	                    28.3735
30.7524        11.6968	                    29.39
31.6524        8.19666	                    28.6812
31.0524        7.46286	                    27.9812
26.0524        5.04687	                    22.9117
23.8286        4.2545	                    20.8079
18        2.02077	                    15.2291
15        1.04218	                    12.4276
5.21429        -2.55918	                    3.12151
2.17143        -3.86535	                    0.151587
-3.97143        -6.11092	                    -5.68287
-7.17619        -7.04452	                    -8.62889
-15.5238        -9.15211	                    -16.1688
-17.8857        -9.40224	                    -18.1605
-21.5238        -9.41458	                    -21.076
-24.3143        -8.72275	                    -23.0257
-25.1238        -7.64037	                    -23.2308
-25.0524        -6.97833	                    -22.9028
-22.0524        -4.85444	                    -19.6329
-20.1143        -4.11312	                    -17.7786
-15.9524        -2.15227	                    -13.6449
-13        -0.885882	                    -10.7635
-3.90476        3.0832	                    -1.85897
-0.885714        4.56241	                    1.16273
5.6        7.21078	                    7.43597
12.4095        9.86383	                    13.9681
17.2095        15.4059	                    20.0632
20.1905        16.1058	                    22.7316
25.5286        16.651	                    27.2227
29.6714        16.9562	                    30.6604
31.9429        16.7513	                    32.3947
32.1476        16.519	                    32.4645
31.619        15.63	                    31.6817
29.519        14.4569	                    29.5259
27.3667        8.48221	                    25.3693
25.1381        7.54804	                    23.2044
19.3048        5.3425	                    17.6348
13.2714        2.57001	                    11.6715
7        -0.697922	                    5.31364
3.5        -2.05293	                    1.95774
-2.82857        -4.45978	                    -4.09209
-9.42857        -6.13462	                    -10.0583
-14.6381        -6.93262	                    -14.5526
-17.0429        -7.09042	                    -16.541
-22.519        -6.36265	                    -20.624
-23.6714        -5.6646	                    -21.2601
-23.8667        -4.55468	                    -20.9149
-22.3238        -3.74635	                    -19.3575
-18.9524        -2.42516	                    -16.132
-16.9714        -1.73467	                    -14.2711
-12        0.463691	                    -9.41449
-6.02857        3.19494	                    -3.54487
1.6        7.18937	                    4.15384
5.20952        8.98845	                    7.75892
11.9333        11.9723	                    14.3253
12.9        18.7145	                    17.7649
32.6301        25.836	                    36.3303
35.9981        25.962	                    39.0735
41.2619        25.9586	                    43.2832
45.0858        25.7322	                    46.2546
35.9571        23.7493	                    38.1814
35.3143        23.3501	                    37.5116
32.4905        21.7686	                    34.6352
30.7        12.7864	                    29.6619
24.4095        10.8791	                    23.9823
18.2619        15.8338	                    20.9185
11.8905        12.6291	                    14.5519
7.42857        2.60731	                    6.98585
1        -0.0628559	                    0.774853
-2        -1.07084	                    -2.0284
-12.5667        -2.62051	                    -11.1016
-15.6286        -2.62869	                    -13.5544
-20.2714        -2.04478	                    -17.0561
-24        -0.488125	                    -19.3953
-25        1.21649	                    -19.5133
-24.1714        1.82671	                    -18.6064
-19.2619        2.91684	                    -14.2427
-17.0476        3.48903	                    -12.2425
-11.719        5.32334	                    -7.24651
-5.40952        8.13814	                    -1.07529
-1.72857        17.1437	                    5.44334
1.57143        18.6091	                    8.66062
12.6476        22.5772	                    19.0768
16.5429        23.5694	                    22.5799
23.7143        25.4149	                    29.0344
38.6425        30.309	                    42.8635
44.4254        29.9543	                    47.3539
46.7343        29.6777	                    49.0949
50.3673        28.4826	                    51.5421
40.4143        25.6081	                    42.4693
37.8857        23.3658	                    39.5749
32.9286        20.4014	                    34.4503
27.781        13.0265	                    27.5541
23.7524        11.5933	                    23.7478
10.6857        5.47134	                    10.7923
6.68571        3.26589	                    6.65493
-1.97143        -0.310339	                    -1.70448
-9.9        -3.30131	                    -9.27428
-17.281        -5.23698	                    -15.9725
-20.6        -5.83406	                    -18.8127
-28.6714        -6.17949	                    -25.4078
-30.7333        -5.61664	                    -26.8899
-32.6857        -4.32113	                    -27.921
-31.9        -3.17874	                    -26.824
-27.9952        -1.71197	                    -23.0986
-25        -0.704308	                    -20.2818
-19.3714        1.5678	                    -14.8699
-12.9762        4.40428	                    -8.57446
-5.15714        7.61765	                    -1.00327
-0.890476        9.30149	                    3.09841
9.67143        17.7893	                    14.997
13.9        19.0619	                    18.7016
22        20.8573	                    25.8861
26.1857        21.5094	                    29.7051
42.5353        28.8425	                    45.415
45.0211        28.7583	                    47.3712
48.7365        28.2173	                    50.1353
43.0857        21.6257	                    43.2717
41.3762        19.8254	                    41.1814
37.2095        17.5472	                    36.9297
31.4429        11.4073	                    29.8244
27.5238        9.74002	                    26.0089
14.5        3.93019	                    13.2121
10        1.81598	                    8.74506
0.728571        -2.09898	                    -0.278294
-8.45238        -5.35969	                    -8.95992
-16.6524        -7.95589	                    -16.5827
-20.6238        -8.70567	                    -20.0664
-30.7095        -9.85372	                    -28.6039
-33.119        -9.77323	                    -30.4987
-36.1857        -9.10277	                    -32.6782
-37.1238        -8.07549	                    -33.0088
-34.9571        -6.7436	                    -30.7305
-33.219        -6.03762	                    -29.0509
-25.0952        -2.73887	                    -21.1998
-22        -1.20872	                    -18.0959
-14.1333        2.22076	                    -10.3956
-5.61905        5.62483	                    -2.1886
3.2        9.02322	                    6.25711
6.30952        14.0836	                    10.8067
20.2        17.8639	                    23.45
24.2952        18.5978	                    27.0223
38.6962        26.7859	                    41.8154
44.7524        26.4792	                    46.5389
41.3619        20.3564	                    41.3834
42.1143        20.1174	                    41.8892
41.5667        18.6202	                    40.8484
38.0762        16.2372	                    37.0933
35.8571        7.38478	                    31.7129
32.4714        5.97138	                    28.4257
21        1.44844	                    17.3943
17.0143        -0.609186	                    13.3615
9.17143        -4.02822	                    5.68481
0.195238        -6.7466	                    -2.6098
-8.31429        -8.06595	                    -9.95723
-12.1857        -8.38386	                    -13.1844
-22.8762        -7.90118	                    -21.5394
-26.1667        -7.28832	                    -23.921
-30.519        -5.25887	                    -26.5719
-32.7381        -2.81415	                    -27.345
-31.9857        -0.834545	                    -25.931
-28        0.474104	                    -22.2055
-23        2.24237	                    -17.48
-16.4333        5.02155	                    -11.0872
-9.23333        8.14913	                    -4.04685
-8.09524        15.8141	                    -0.0151362
4.78571        20.8038	                    12.3021
9.64762        22.3644	                    16.817
18.519        25.0082	                    24.9685
26.8381        27.6639	                    32.6759
40.666        33.3457	                    45.9632
46.8324        33.7149	                    51.0395
51.652        33.1359	                    54.6705
54.4384        32.1162	                    56.5029
54.2596        30.6544	                    55.7889
53.3566        29.7853	                    54.7259
39.1143        19.7561	                    39.5524
35.6238        18.1118	                    36.0809
22.9667        10.2683	                    22.6888
17.1238        8.0994	                    17.1055
2.27143        1.97639	                    2.62801
-3        -0.130616	                    -2.455
-12.3381        -3.77323	                    -11.4589
-21.4952        -6.63299	                    -19.9869
-29.4667        -8.52042	                    -27.1564
-32.8        -9.10207	                    -29.9693
-40.5238        -9.52597	                    -36.3215
-41.7143        -9.37971	                    -37.2142
-42.8952        -7.43203	                    -37.3627
-41.9714        -6.51319	                    -36.3176
-38.2429        -4.19598	                    -32.3605
-32.7857        -1.44243	                    -26.8359
-25.4333        1.59766	                    -19.674
-17.3143        5.00727	                    -11.744
-7.87619        8.45981	                    -2.74335
-2.98095        10.0515	                    1.73227
9.33333        11.3534	                    12.1147
19.7619        13.5645	                    21.3577
28.381        15.3775	                    29.1524
35.5762        16.374	                    35.1487
38.9857        16.7325	                    38.0214
45.9952        16.2242	                    43.4233
47.3476        15.6702	                    44.2808
44.5286        16.8081	                    42.6646
43.1905        15.5255	                    40.8965
38.8762        12.1239	                    36.1925
31.8238        8.06522	                    28.8511
22.8286        3.84228	                    19.8803
13        0.194201	                    10.4818
0.814286        -2.76081	                    -0.510911
-5.27143        -4.2405	                    -6.00212
-21.9095        -9.13051	                    -21.3665
-27.0429        -10.5591	                    -26.0715
-36.3476        -14.1725	                    -35.0243
-44.0762        -17.2296	                    -42.2948
-49.5667        -19.4731	                    -47.7976
-53.3762        -20.0081	                    -51.0659
-55.2762        -17.7286	                    -51.6441
-55.5524        -14.2451	                    -50.4184
-53.281        -10.9726	                    -47.2351
-51.1381        -8.82699	                    -44.6221
-42        -0.726427	                    -33.9059
